epoch,loss
0,587.7064368896484
0,1087.8605987701417
0,1050.4886360168457
